DateTime,Location,Temp_C,pH,Flow_cfs,Turbidity_NTU,Dissolved_Oxygen_mgL
2/1/2025 0:00,This_River_Upstream,8.936763594866727,7.208993551555478,45.53662891585249,1.0069536112017188,10.427053967849949
2/1/2025 1:00,This_River_Upstream,7.398421234572037,6.950081226,48.607406000755155,0.6397227379484056,11.338647212376003
2/1/2025 2:00,This_River_Upstream,7.300733108678209,7.119256021720774,48.87974423386196,1.736972683,11.190813016931717
2/1/2025 3:00,This_River_Upstream,6.914395312550259,6.929592220782938,50.22113490691695,0.9123622822522608,11.485794414941147
2/1/2025 4:00,This_River_Upstream,7.632248241080368,7.318387441978228,51.02945273268645,1.5506517558228758,10.848191652801155
2/1/2025 5:00,This_River_Upstream,7.811322291054226,6.8501833907387715,53.51659880164878,1.2106863827705145,10.763883921208208
2/1/2025 6:00,This_River_Upstream,9.037647373901754,7.293572356003301,47.77758774871815,0.7999354440231286,10.001645782494734
2/1/2025 7:00,This_River_Upstream,10.18663694,7.402037597805199,49.362337147947834,1.9491783704508028,9.743180881
2/1/2025 8:00,This_River_Upstream,11.206885467389913,7.5398342516397046,51.37922167158065,1.4831355001899242,9.362166280631715
2/1/2025 9:00,This_River_Upstream,12.571001727989804,7.069479772052273,49.48836256,0.997251007,9.152122407536824
2/1/2025 10:00,This_River_Upstream,14.934188763548047,7.2661556547871085,50.750373670990925,2.4781340768976494,7.895953356091732
2/1/2025 11:00,This_River_Upstream,15.509162222618952,7.336910242338012,50.16591132,1.1951288221187202,8.168779128
2/1/2025 12:00,This_River_Upstream,17.555930358744906,7.267191326995045,49.53398934778132,1.5214235435580903,7.134017548496583
2/1/2025 13:00,This_River_Upstream,16.266775713262597,7.094451132,48.36041672109419,3.8783910509533817,7.345776244375599
2/1/2025 14:00,This_River_Upstream,17.08682184819839,6.883526691693948,53.63373945231243,0.8238257044323836,7.159681977561858
2/1/2025 15:00,This_River_Upstream,16.80023647256133,7.189863945703778,52.467267101939804,1.534905371676043,7.377579715502886
2/1/2025 16:00,This_River_Upstream,16.500944475427442,7.0723896122093475,46.60695846457748,0.9601675847231547,7.854271711
2/1/2025 17:00,This_River_Upstream,14.432580757887973,7.038702900673415,51.216064880639436,1.852356868044738,8.288258137445903
2/1/2025 18:00,This_River_Upstream,14.434414151556973,7.162623887089925,51.602932532257604,1.7824946252576221,8.197673586311769
2/1/2025 19:00,This_River_Upstream,13.03271647902557,7.067600467758185,49.35614231782828,2.2737855427750135,8.830306479810064
2/1/2025 20:00,This_River_Upstream,12.202464533644232,7.094473170500343,51.30965321892265,2.8521044970860467,9.096578836445307
2/1/2025 21:00,This_River_Upstream,11.106405417148629,7.115953269920177,46.44880199058822,2.847417447074342,9.820093977
2/1/2025 22:00,This_River_Upstream,9.118674733748348,7.252611163516522,52.855156622423934,1.3437738399938228,10.37221034219613
2/1/2025 23:00,This_River_Upstream,8.183965939304752,6.9510383805737925,50.882363679357766,1.835545113984541,10.859375415046763
2/2/2025 0:00,This_River_Upstream,7.7418574455122435,7.105744314617449,50.77728207078568,1.8103768567190697,10.919637517384075
2/2/2025 1:00,This_River_Upstream,7.319096664416847,7.213257183344953,52.24643393052744,0.39577361791342786,11.17461536
2/2/2025 2:00,This_River_Upstream,6.954042469947692,7.374038273670196,50.20606737766828,2.101677801930804,11.17747981662483
2/2/2025 3:00,This_River_Upstream,6.6192774976306845,7.1858141384280065,51.836820085538825,2.412948703875949,11.746467834939084
2/2/2025 4:00,This_River_Upstream,8.135691382538242,7.330624681339956,46.554784567656334,1.4257017138304036,10.816478865183988
2/2/2025 5:00,This_River_Upstream,8.897438273176709,7.073969675056841,50.65289907864642,1.0433034577412241,10.247948872136933
2/2/2025 6:00,This_River_Upstream,9.914703440813499,7.261098048688509,52.032527109811866,2.633108039340206,9.793336773
2/2/2025 7:00,This_River_Upstream,10.350140585180212,7.092909151369822,47.69313031169144,2.8162145173714572,9.569403139104617
2/2/2025 8:00,This_River_Upstream,11.959049591625057,7.311306394943595,52.08691770629799,1.4574930247435731,9.047259757250364
2/2/2025 9:00,This_River_Upstream,12.693158537019071,7.299943820269359,51.04054432982273,1.298023551240261,8.873480467321231
2/2/2025 10:00,This_River_Upstream,15.053136996826257,7.4008447516642155,50.11153876277647,0.7530089756669244,7.958981283733883
2/2/2025 11:00,This_River_Upstream,15.623559252086142,7.125032659241616,51.36686698807564,1.5778738854401282,7.855162320623831
2/2/2025 12:00,This_River_Upstream,16.619611138370885,7.085086714165975,50.20198544267333,2.036561614852827,7.267785511788932
2/2/2025 13:00,This_River_Upstream,16.42842545288277,7.422424334587904,48.806650925527826,1.1754069824391136,7.3669643144189045
2/2/2025 14:00,This_River_Upstream,16.35187846568075,7.519643154,47.052255524387185,2.0231055116914716,7.713837180114977
2/2/2025 15:00,This_River_Upstream,17.127298965336962,7.102360038628223,49.66418032712991,2.816435999141534,7.114469199643195
2/2/2025 16:00,This_River_Upstream,15.52450726604194,7.246505437721112,50.50276707140886,1.3647704099983908,7.857916010239053
2/2/2025 17:00,This_River_Upstream,15.396219429508873,7.073762413079747,49.17161662888196,1.2860117519372445,7.913356366718767
2/2/2025 18:00,This_River_Upstream,15.230561871484195,7.031853717446549,51.19302365,0.8743624056332444,7.5676955582408745
2/2/2025 19:00,This_River_Upstream,13.347235293446014,7.323651636131906,48.15891919983028,2.1329828002583597,8.385692801544318
2/2/2025 20:00,This_River_Upstream,11.143869521366923,7.395552554232653,49.018447044458796,5.039087213268687,9.575934738197999
2/2/2025 21:00,This_River_Upstream,10.82688093550635,6.9146980554834645,47.00390583018318,1.0303637715717617,9.437579054681482
2/2/2025 22:00,This_River_Upstream,9.553061304844231,7.6463063928013115,48.32616187,1.8541764817803092,10.106749860146369
2/2/2025 23:00,This_River_Upstream,7.903528561277996,7.1309922219501365,46.99291918688301,2.135145094515979,11.146110196133028
2/3/2025 0:00,This_River_Upstream,8.456786201762709,6.955065978122153,49.910251862125484,2.612639176544949,10.630568624924795
2/3/2025 1:00,This_River_Upstream,7.16211264,7.082620113965391,51.23496631763555,2.369559060721233,11.366252483368543
2/3/2025 2:00,This_River_Upstream,7.735071617744785,7.2775633570766445,49.35266397258265,1.4675191875664848,10.769833527945078
2/3/2025 3:00,This_River_Upstream,7.447698699430646,7.126330684598506,51.350623721586565,2.362243622416545,10.850883136264276
2/3/2025 4:00,This_River_Upstream,8.303968012174623,7.3056377451699746,48.450217383753724,2.7373766792066094,10.83051661
2/3/2025 5:00,This_River_Upstream,7.497278273437676,6.948640935347975,46.59208270998943,1.253829425409916,11.11697786604546
2/3/2025 6:00,This_River_Upstream,9.772491501911725,7.397243706413002,51.841328780235145,1.006368424382573,10.271478063543933
2/3/2025 7:00,This_River_Upstream,11.052604226674482,7.254577701319599,48.852194656401615,2.1887531908968745,9.282363843
2/3/2025 8:00,This_River_Upstream,11.90994974613724,7.3059345490977785,45.71634935893446,3.1330640214969336,9.236848425
2/3/2025 9:00,This_River_Upstream,13.11538222193886,7.030223180385985,49.417835627094966,1.9966706711928885,8.606353202960241
2/3/2025 10:00,This_River_Upstream,13.953897052329607,7.277956907930001,47.901854898224904,1.1011564117611792,8.853967382382718
2/3/2025 11:00,This_River_Upstream,15.713666371860489,7.246743332311031,51.138092113551174,1.5174556209319918,8.008759135658346
2/3/2025 12:00,This_River_Upstream,16.735052808669963,7.648758030383402,51.94978160077564,1.3667952130788985,7.247444473685895
2/3/2025 13:00,This_River_Upstream,17.44437228087945,7.09599341,50.932774365014744,3.0063496088023243,6.920423713491722
2/3/2025 14:00,This_River_Upstream,17.08505410418111,6.722697368,45.29081281443527,2.230500575808752,7.463796458927881
2/3/2025 15:00,This_River_Upstream,17.78075893280645,7.120806234770673,50.72001630585289,5.414785236431226,7.094561722476632
2/3/2025 16:00,This_River_Upstream,15.274349140880533,6.901600812218953,48.28616274,1.1897586409373615,7.971296374534809
2/3/2025 17:00,This_River_Upstream,15.56385121838521,7.437019819905983,46.50239584120277,1.0177753120802795,7.833822766024459
2/3/2025 18:00,This_River_Upstream,14.255423989556377,7.297131378294418,47.765854653381936,0.7494007713822993,8.550987547816682
2/3/2025 19:00,This_River_Upstream,12.62177393281397,6.943517520139466,53.69690720059002,1.483106561247436,9.014167058
2/3/2025 20:00,This_River_Upstream,11.734255463111124,7.341877175719409,49.371186407701444,1.9383452269978803,9.553375131363188
2/3/2025 21:00,This_River_Upstream,10.973029906893991,6.819400818267493,49.154922326190785,1.1134017035767776,9.497186969161795
2/3/2025 22:00,This_River_Upstream,10.11584969837862,7.287385769064974,53.61439061401767,3.2200782605435836,9.918178889714634
2/3/2025 23:00,This_River_Upstream,9.035664852,7.178326387473532,52.314769750147654,0.9221974326494774,10.457290824680651
2/4/2025 0:00,This_River_Upstream,7.234378393973855,7.138964656941862,45.96395649668917,1.3297949781295795,11.316657022425918
2/4/2025 1:00,This_River_Upstream,8.075061207,7.2217480713322875,46.779676461579726,2.6484762554328145,10.79760593154661
2/4/2025 2:00,This_River_Upstream,7.0096654297067165,6.9234995120650025,48.99851841336508,3.5401510670824297,11.364115542801295
2/4/2025 3:00,This_River_Upstream,7.543996835984331,7.2049107790234395,51.56701557,4.308400820637792,11.313000033087025
2/4/2025 4:00,This_River_Upstream,8.187823119516334,7.4289785881849335,47.97344399183072,0.7182675336800205,10.596448741139623
2/4/2025 5:00,This_River_Upstream,8.622817009048024,7.192412862841741,51.52669688966681,4.772449547598664,10.719959646305865
2/4/2025 6:00,This_River_Upstream,10.482059486472272,6.977810878,47.01217404045277,0.7365004242355553,9.698662390713016
2/4/2025 7:00,This_River_Upstream,10.744700638184112,7.204696053102326,51.86719663287191,2.8845851451819438,9.728317112928892
2/4/2025 8:00,This_River_Upstream,11.663246973800197,7.5243131391055345,52.105986097562166,3.916549996290612,9.615724575
2/4/2025 9:00,This_River_Upstream,13.271082877767306,7.048540115406729,47.64923601343944,2.1011115160198783,8.604228320725532
2/4/2025 10:00,This_River_Upstream,14.901478145972076,7.003320782,49.04524106174106,1.1730879158291554,7.5791907457780505
2/4/2025 11:00,This_River_Upstream,15.819545038340097,7.137321009832717,51.78030080587673,1.5302981930058057,7.5245104507645735
2/4/2025 12:00,This_River_Upstream,15.654296815359068,6.868069325857933,52.68540976384414,2.2348496055466267,7.579586249174378
2/4/2025 13:00,This_River_Upstream,17.53553431236943,7.272551312815291,49.255493161195375,2.5219168640755782,7.221583870077582
2/4/2025 14:00,This_River_Upstream,16.161192687841655,7.296685423539687,50.55184484848846,1.1056088140691602,7.355339213138471
2/4/2025 15:00,This_River_Upstream,18.345044670145676,7.442855658583391,54.20629720644745,3.3891138734626165,6.592111495568258
2/4/2025 16:00,This_River_Upstream,16.62102672710652,7.238285725805069,48.98032081,2.9389674325711703,7.428893074293955
2/4/2025 17:00,This_River_Upstream,14.879123993098748,7.043532937124536,50.73957183981261,5.230039386016248,8.026976142722477
2/4/2025 18:00,This_River_Upstream,14.014910108666928,7.025745365584534,51.31856831627871,3.1564405525960635,7.9400973819256215
2/4/2025 19:00,This_River_Upstream,12.46408175545181,7.325163702353099,51.365662968501404,2.673167203344871,9.002266024029073
2/4/2025 20:00,This_River_Upstream,11.229815765918989,7.544763845716348,48.33088803705886,0.7510424037148686,9.637682927473662
2/4/2025 21:00,This_River_Upstream,11.086167065704476,7.200456899860977,52.90327198264599,1.3811124018518341,9.864498311
2/4/2025 22:00,This_River_Upstream,8.858027055104433,7.264308719,50.422110264368925,1.8996343068862893,10.64976156041263
2/4/2025 23:00,This_River_Upstream,8.591382034960478,7.337337494617209,48.53343306921591,1.946729421823212,10.554418776709417
2/5/2025 0:00,This_River_Upstream,7.509225959830876,7.050893211953111,49.66155106074497,0.5186570090434319,10.85386020622646
2/5/2025 1:00,This_River_Upstream,7.580759067320799,7.057980530681032,51.98870881678271,0.9941651884949467,10.884314290143838
2/5/2025 2:00,This_River_Upstream,7.071378904111043,7.4804333424547504,49.26574845,1.2575376640078118,11.024604968099332
2/5/2025 3:00,This_River_Upstream,7.882034164399563,7.424256153948512,52.29736996,2.064318284414447,10.966451762980805
2/5/2025 4:00,This_River_Upstream,7.176899677830576,7.351014980095206,51.88498899,1.732251228517658,11.045513852639358
2/5/2025 5:00,This_River_Upstream,8.322294218010649,7.380508257187668,46.13185351850553,4.849018506359041,10.84744434341435
2/5/2025 6:00,This_River_Upstream,9.952089137,7.0830298460581504,48.78015909308247,1.8836478146929265,9.953704994621468
2/5/2025 7:00,This_River_Upstream,10.80085638034159,7.263731956644007,49.64155730506675,0.8409225801447124,9.797399293420753
2/5/2025 8:00,This_River_Upstream,12.47862765087009,7.6229779209336135,55.62463271868881,2.9865831584663964,9.063490662658388
2/5/2025 9:00,This_River_Upstream,13.42399168385776,7.488901422,46.38202658,1.7664018225066025,8.641517840484532
2/5/2025 10:00,This_River_Upstream,14.554466928034707,7.187236980675289,49.076609533367154,2.9625156608301113,7.920727496701582
2/5/2025 11:00,This_River_Upstream,14.820052560401956,6.969734020668288,52.06592966656103,1.789849018730986,7.7050016676193005
2/5/2025 12:00,This_River_Upstream,17.093383450571487,7.337919208,47.150162960069295,2.716220585672223,7.0148104872080905
2/5/2025 13:00,This_River_Upstream,16.48175946948267,7.626798542617503,49.455925610555184,2.2984309467917683,7.239211964535748
2/5/2025 14:00,This_River_Upstream,15.980096733133912,7.3556491978450715,53.18549124774384,0.43238460588085004,7.682008888
2/5/2025 15:00,This_River_Upstream,16.72105278725142,7.177689667962737,49.21269972,1.441082119661376,7.931040525475359
2/5/2025 16:00,This_River_Upstream,16.25212135442775,6.986186715620134,48.456643414180334,2.261803198372548,7.664464266879839
2/5/2025 17:00,This_River_Upstream,15.309657535205195,7.316611869,51.25342828424677,2.692975574368872,8.146492496265553
2/5/2025 18:00,This_River_Upstream,14.17981521475616,7.616187846582787,47.685712685823724,1.7548178608141294,8.449502814888202
2/5/2025 19:00,This_River_Upstream,13.586019771360762,7.275431829342939,49.15636105879573,4.231070606,8.372640966982381
2/5/2025 20:00,This_River_Upstream,11.84482245732226,7.074145075259296,48.86805660529238,1.8059180043947736,9.263587435
2/5/2025 21:00,This_River_Upstream,11.234588779762772,7.040697455759637,48.46057931448582,2.0401428857626582,9.646815473587763
2/5/2025 22:00,This_River_Upstream,10.105892833694059,7.323672548629793,52.05513144,2.1631250759094454,9.903328629
2/5/2025 23:00,This_River_Upstream,8.878232661850834,7.568154184501019,47.92330176,1.0991809420510368,10.278403788611326
2/6/2025 0:00,This_River_Upstream,7.7990655697378966,7.099181804709671,48.442786560877984,2.3907689941636043,10.590254165007519
2/6/2025 1:00,This_River_Upstream,7.956561506629086,7.167487281908553,53.36366170019978,1.6749417216523492,10.728179136028649
2/6/2025 2:00,This_River_Upstream,6.200634511329703,6.985914427,46.19987845,1.9183823242860205,11.152812946551508
2/6/2025 3:00,This_River_Upstream,7.393793003455695,6.974589383048934,44.53654427,0.8710623129243472,11.065456855616935
2/6/2025 4:00,This_River_Upstream,8.558777915470824,7.240728746092156,54.297753283149476,1.5406202283461732,10.537699548493416
2/6/2025 5:00,This_River_Upstream,8.404289109723953,7.500599603208535,50.28705183046482,0.734169468,10.246069342338629
2/6/2025 6:00,This_River_Upstream,9.966405261,7.080294691707119,47.99003561614374,1.9135355749246976,10.209071326276337
2/6/2025 7:00,This_River_Upstream,10.899555310208942,7.226852688088861,52.863248281531966,1.5361821410727399,9.912066285886977
2/6/2025 8:00,This_River_Upstream,12.555102206764603,7.125866862409653,48.70617558265034,3.2143691881631598,8.984547542
2/6/2025 9:00,This_River_Upstream,13.829225928799893,7.401535244,51.04011101213827,1.9092864157575438,8.427612743575548
2/6/2025 10:00,This_River_Upstream,14.71914016512383,7.0431880883082405,51.18229092547354,1.7004727816246012,8.224481694830656
2/6/2025 11:00,This_River_Upstream,14.724279827772296,7.397006208238094,46.87390324314357,1.4838048782463469,7.938768012225081
2/6/2025 12:00,This_River_Upstream,15.845012484110285,7.364195362808916,50.31804309672355,1.7898443779081024,7.809770448616086
2/6/2025 13:00,This_River_Upstream,16.33305640379354,7.542326587532523,50.64394615606921,2.2154663487959905,7.600778078863387
2/6/2025 14:00,This_River_Upstream,17.163118828572387,7.173939252288637,51.70927247688484,2.458784467181329,7.183304234929569
2/6/2025 15:00,This_River_Upstream,17.02917002239273,6.887938164695145,50.686891075688195,1.5877692082366635,7.1075017762403485
2/6/2025 16:00,This_River_Upstream,15.44778878816988,6.907675041904754,53.37964474239995,1.9061943758997866,8.088134231361076
2/6/2025 17:00,This_River_Upstream,15.811704400870688,6.935616013940343,46.53172473499607,2.182488450927846,7.435754515062128
2/6/2025 18:00,This_River_Upstream,14.362824709542865,7.151833223708102,50.000915453895395,2.018322383492323,8.221163519759449
2/6/2025 19:00,This_River_Upstream,12.862947096873572,6.821036489886932,50.14111844009888,0.9328437806973537,8.634993522
2/6/2025 20:00,This_River_Upstream,12.207938949569412,7.445778809,53.04001483632488,1.7715824686108064,9.130732631981443
2/6/2025 21:00,This_River_Upstream,9.938191371928262,7.402103941716766,49.76704545920139,2.048975662960375,9.845061421090445
2/6/2025 22:00,This_River_Upstream,9.959082753,7.208615817534179,51.26335315326659,1.5047493788255613,10.048815566586747
2/6/2025 23:00,This_River_Upstream,8.641666094220389,7.397867760191578,49.233256360666765,1.3246708854212341,10.271171444560414
2/7/2025 0:00,This_River_Upstream,7.073144281651166,7.449135,50.713231285030275,0.9872506234298434,11.273925224870409
2/7/2025 1:00,This_River_Upstream,7.482832362054321,7.330542536713785,48.061205178333886,1.7845529239635114,11.166381513982092
2/7/2025 2:00,This_River_Upstream,7.013541393954379,7.198919504779382,51.32693439307933,3.2395339847376583,11.46523900740541
2/7/2025 3:00,This_River_Upstream,7.256385427560149,6.977384761865249,52.62011401259973,0.9968437680780132,10.944418594268445
2/7/2025 4:00,This_River_Upstream,8.454397489863851,7.544827511199068,52.88602754619613,1.4085678239721788,11.041973184502247
2/7/2025 5:00,This_River_Upstream,9.099814603456739,6.9147864938313415,50.72062459719339,3.235658374562832,10.38029293743868
2/7/2025 6:00,This_River_Upstream,9.278221196926234,7.350400567476247,49.59772284657123,0.9838484121606283,10.230750739352425
2/7/2025 7:00,This_River_Upstream,10.17471579,6.868033543708399,48.138716610909206,2.485337515013349,9.928623121966943
2/7/2025 8:00,This_River_Upstream,12.647111069467648,7.333176274411476,50.907532435121084,1.8434266880700205,9.010564523
2/7/2025 9:00,This_River_Upstream,13.48997468396776,7.067134601372468,48.31963268659022,1.372207813050255,8.768533867867479
2/7/2025 10:00,This_River_Upstream,14.322702001226155,7.258114085842484,50.68965241370051,1.3522101991303657,8.164731547261384
2/7/2025 11:00,This_River_Upstream,15.815796454009519,7.012734867515592,49.981081980647545,1.4508942800460773,7.668772730737623
2/7/2025 12:00,This_River_Upstream,16.781373729308914,7.020503531243946,47.861747429419836,1.5303427411694863,7.556193174773923
2/7/2025 13:00,This_River_Upstream,16.411355253367326,7.3870684014828045,53.57689406292782,2.263104375242387,7.316061950846976
2/7/2025 14:00,This_River_Upstream,16.479405066022494,7.067487577053443,48.67712674843459,2.786491631947264,7.287588578419393
2/7/2025 15:00,This_River_Upstream,16.79318190989446,7.0578172057081465,52.06967006773833,0.9987177418636681,7.47649003
2/7/2025 16:00,This_River_Upstream,16.548245712472735,7.292236037609893,49.14058824965281,2.718277412452884,7.011302233528866
2/7/2025 17:00,This_River_Upstream,14.617856303828868,7.2498962573300405,47.840242581532046,2.206618880645615,7.979611812197397
2/7/2025 18:00,This_River_Upstream,14.349967099153755,7.046912326561056,53.60244260123861,1.1787134402766657,8.369664428806505
2/7/2025 19:00,This_River_Upstream,13.216764752279436,7.068044756345048,52.585526730195134,1.3494131389935533,8.615703494799034
2/7/2025 20:00,This_River_Upstream,11.737745226553779,7.241118941666869,48.733196502265365,1.4713455924614633,9.290296023408505
2/7/2025 21:00,This_River_Upstream,10.739348740870371,6.978992077615882,48.303925106994704,9.876640008364554,9.793943803763685
2/7/2025 22:00,This_River_Upstream,9.745919433417706,6.882892458823778,51.66311566,1.1473644887128984,10.31236373890583
2/7/2025 23:00,This_River_Upstream,8.638008539799122,7.464728667271439,54.30428552017377,2.891973406270439,10.913467900765765
2/1/2025 0:00,This_Downstream_Plant,10.752431035001942,7.260620305,55.50210462026443,1.1269533140346362,9.616825567649862
2/1/2025 1:00,This_Downstream_Plant,10.319055838264173,7.073670325431386,62.07825792645835,0.5969870538659497,10.098656086636995
2/1/2025 2:00,This_Downstream_Plant,10.490879871222397,7.180837566021579,53.27445362495621,2.1214522483531923,10.018519202810355
2/1/2025 3:00,This_Downstream_Plant,9.822751532276625,7.240877515888789,56.40674465,2.9670626156056437,10.05698000857623
2/1/2025 4:00,This_Downstream_Plant,10.193869272207905,7.49833327,53.65115045900838,3.1662516424073637,9.710319433
2/1/2025 5:00,This_Downstream_Plant,10.399748543527478,6.827908069530908,57.00984656629368,2.88499256,9.703492248050578
2/1/2025 6:00,This_Downstream_Plant,11.891905108949786,7.275503099970498,52.816014014991765,1.2562627121292385,8.917662499
2/1/2025 7:00,This_Downstream_Plant,13.734173875091917,7.242448536,53.30794268471509,1.793378134054909,8.374181704050347
2/1/2025 8:00,This_Downstream_Plant,15.70724871968248,7.143972694527764,54.126947024514166,2.395070290409815,7.366745266831492
2/1/2025 9:00,This_Downstream_Plant,16.555665340815704,7.490628981899256,52.281884513104636,3.4786335232054064,7.625913917835057
2/1/2025 10:00,This_Downstream_Plant,17.58126207,6.958906488697647,58.85403978641175,1.3640092855082413,7.080736164860936
2/1/2025 11:00,This_Downstream_Plant,18.362085129243944,7.120441467761343,56.951738498570535,3.7765177375235552,6.543932648442547
2/1/2025 12:00,This_Downstream_Plant,19.22330582,7.177147621648537,52.58597736325864,0.8223107950163221,6.383126432365434
2/1/2025 13:00,This_Downstream_Plant,19.221700354294708,7.018009120838221,53.946862070893914,0.8881044108069115,6.556168950895535
2/1/2025 14:00,This_Downstream_Plant,19.444986095173995,7.097159337041756,55.12216576496557,0.6196785253773353,6.155021786
2/1/2025 15:00,This_Downstream_Plant,19.337318650072287,6.972422269822912,51.47687647987004,2.3979733365705203,6.146572431953548
2/1/2025 16:00,This_Downstream_Plant,18.27035039206414,7.273245268870841,55.86283692393817,2.303534729767971,6.475807445243741
2/1/2025 17:00,This_Downstream_Plant,18.584311988223938,7.185330420234627,54.19135387770679,1.9771240277952535,6.749392488835469
2/1/2025 18:00,This_Downstream_Plant,17.250999334647805,7.3592872246934355,53.67977985998985,2.111931119688142,7.347594419533953
2/1/2025 19:00,This_Downstream_Plant,16.07107560367203,7.340722825979008,57.911728568231524,4.479633753851442,7.541208590158705
2/1/2025 20:00,This_Downstream_Plant,15.753378865048436,7.023544726474311,56.41887987278822,0.9601311618099567,7.720385160566681
2/1/2025 21:00,This_Downstream_Plant,14.040206110880794,7.079234472985194,52.889316276610145,0.7750262027863801,8.554154366817054
2/1/2025 22:00,This_Downstream_Plant,11.66420865767549,7.273209275123826,54.51457572009079,2.598790771687517,9.282269826673566
2/1/2025 23:00,This_Downstream_Plant,10.554078967467852,7.633843781268147,55.72342784372304,1.4222860797495265,9.920811028468796
2/2/2025 0:00,This_Downstream_Plant,11.104860677095576,7.355453009901454,54.91267455925445,1.6376464903946488,9.521455407351068
2/2/2025 1:00,This_Downstream_Plant,10.642323923373098,7.304029718249766,55.97397977572966,1.403509827931257,9.380850939520112
2/2/2025 2:00,This_Downstream_Plant,10.250658277880872,7.071139692237004,54.49608056,0.834801251,9.938012360238059
2/2/2025 3:00,This_Downstream_Plant,10.117455549537699,7.081939464829244,54.23855446110581,1.393455530076089,9.995872854
2/2/2025 4:00,This_Downstream_Plant,10.057332148549726,6.846296080473959,55.218949641167534,2.3542123762118186,10.11481360966232
2/2/2025 5:00,This_Downstream_Plant,11.595647828554052,7.408790241425179,51.67319266554745,2.169527318376408,9.170646603159279
2/2/2025 6:00,This_Downstream_Plant,12.871225852369593,7.467956218125635,54.92481522746281,1.3331245569863335,8.722410554651663
2/2/2025 7:00,This_Downstream_Plant,13.174016984336033,7.287695669061103,56.61143888146692,1.699310753361131,8.796049148833452
2/2/2025 8:00,This_Downstream_Plant,14.947079631628702,7.292293640806865,49.47626512888454,3.847654340644087,8.216032264844651
2/2/2025 9:00,This_Downstream_Plant,17.02751759966452,7.454292665281337,54.44040203239689,1.642932319,7.258087296
2/2/2025 10:00,This_Downstream_Plant,17.12869321694553,7.390480442012463,55.39901087,2.2636175678848143,7.1852564897018505
2/2/2025 11:00,This_Downstream_Plant,18.71607543964917,7.144087128678021,53.93048936,0.820540823,6.517250104435098
2/2/2025 12:00,This_Downstream_Plant,18.914805069278362,7.233855124195171,55.38340666076836,0.5748261261731766,6.491379575469591
2/2/2025 13:00,This_Downstream_Plant,19.550725650592852,7.223848886,52.83214317881507,1.444651502298949,6.094099432461088
2/2/2025 14:00,This_Downstream_Plant,21.045691549469886,7.112510960501383,56.58701905656525,1.3116596022669749,5.647018348581631
2/2/2025 15:00,This_Downstream_Plant,20.133086707779043,6.926291152113977,55.43504250088214,0.940768533,6.082529068
2/2/2025 16:00,This_Downstream_Plant,19.80251686250955,7.007496582745531,55.26059791427585,2.950223775241079,6.056892861557787
2/2/2025 17:00,This_Downstream_Plant,19.464049321319447,7.438464175712911,57.08358287756393,1.6746541494835472,6.368428202018694
2/2/2025 18:00,This_Downstream_Plant,17.38625072892431,7.192998817693588,54.906797839243396,2.608164703818198,7.150296119245329
2/2/2025 19:00,This_Downstream_Plant,15.668270812962488,7.227715515,58.03960732727411,1.4489607635635227,7.763307365533996
2/2/2025 20:00,This_Downstream_Plant,15.224272585855031,6.775461918783586,54.84950810322902,1.336428593913567,8.227171177
2/2/2025 21:00,This_Downstream_Plant,13.989816882147874,6.755551547526721,51.239811358255665,1.725593487220986,8.347748931625828
2/2/2025 22:00,This_Downstream_Plant,12.817133454330527,6.836022410441655,56.83017596709024,1.0022377836915881,8.825689546057392
2/2/2025 23:00,This_Downstream_Plant,12.486538881565856,7.213100417588932,57.53482601135719,1.5158680787030006,8.892132902
2/3/2025 0:00,This_Downstream_Plant,10.214132636470902,7.0789850418070825,55.56364302,1.9466063091026007,10.089783868306757
2/3/2025 1:00,This_Downstream_Plant,9.567674355,7.304410309,56.72268476632627,3.049092679349328,10.32824273658608
2/3/2025 2:00,This_Downstream_Plant,10.611530841233485,7.2868944496784644,51.60518538853226,2.081008257235092,9.568776162696992
2/3/2025 3:00,This_Downstream_Plant,9.83315199,7.218084627723801,55.83797071323417,1.1585142653072404,10.070474622164467
2/3/2025 4:00,This_Downstream_Plant,11.409157502125574,6.869751628666639,53.259303230644456,4.125124210853103,9.714772444
2/3/2025 5:00,This_Downstream_Plant,10.622916780485934,7.2463395196575835,57.24505215603572,2.9700492062219137,9.769428554386938
2/3/2025 6:00,This_Downstream_Plant,13.087790399652048,7.283995702801515,52.410952153025626,1.8779250394874412,8.566097320148796
2/3/2025 7:00,This_Downstream_Plant,14.089341928169695,7.382043924,58.61051837384517,1.0593980063827078,8.336390055
2/3/2025 8:00,This_Downstream_Plant,15.367804679323028,6.7783993203383766,54.271850575173275,1.4862162154503922,8.138405963387605
2/3/2025 9:00,This_Downstream_Plant,16.28627974,7.045740729126773,57.031307594954946,4.7535519978366025,7.679403555507075
2/3/2025 10:00,This_Downstream_Plant,17.50793283476717,7.213311774906613,53.89880124914867,2.8365115324427785,7.459437886763212
2/3/2025 11:00,This_Downstream_Plant,18.951868209072455,7.220069916539638,54.72266097773675,2.2292012272319943,6.580148181081433
2/3/2025 12:00,This_Downstream_Plant,18.575971495607043,6.950593442273091,53.47412142478384,2.1126140243689906,6.774214326300814
2/3/2025 13:00,This_Downstream_Plant,19.170037849625785,7.356915877909628,53.94644780019745,2.883927607544042,6.441674853188081
2/3/2025 14:00,This_Downstream_Plant,20.25167361371164,7.245155553926333,53.80687439778771,2.992195154679229,5.914091161909642
2/3/2025 15:00,This_Downstream_Plant,20.759390297423327,7.269505751069445,56.009576450636494,2.2211671886809192,5.836929185370722
2/3/2025 16:00,This_Downstream_Plant,19.19400562607188,7.249825815228148,53.47976484668415,2.216412234950497,6.038418528749773
2/3/2025 17:00,This_Downstream_Plant,17.44844795182098,7.316575331048643,53.25627161695645,1.7255479760911225,6.7789356742355915
2/3/2025 18:00,This_Downstream_Plant,17.928984733559776,6.837199340026658,55.43559420155925,0.7673022274736209,7.020611984613868
2/3/2025 19:00,This_Downstream_Plant,15.469629923328329,7.318739993,54.05425238936933,2.6873780226033475,7.482479899244467
2/3/2025 20:00,This_Downstream_Plant,15.127838440194358,7.180983545,53.77442994893127,1.3252631806398971,8.238753895
2/3/2025 21:00,This_Downstream_Plant,12.449837956895887,7.221453865,52.36689148074862,1.5914290838622138,9.167425079562255
2/3/2025 22:00,This_Downstream_Plant,12.462280077128446,7.543181761,55.59679395660231,2.13905039,9.140952781268425
2/3/2025 23:00,This_Downstream_Plant,11.60512876007214,7.507010990400589,53.414669985994976,1.090634861465122,9.568089281456526
2/4/2025 0:00,This_Downstream_Plant,10.314900685170421,7.039163018969524,54.08162389020467,1.5940602566587916,9.958310358102175
2/4/2025 1:00,This_Downstream_Plant,10.193192255172528,7.335158113013909,54.75577385410563,1.726712899221718,10.26397528
2/4/2025 2:00,This_Downstream_Plant,9.842679152,7.126803909027601,53.90526374,2.4942562826070853,9.574583262788243
2/4/2025 3:00,This_Downstream_Plant,10.621078358120524,7.184529752,54.69962694100274,3.162421059,10.147203087290888
2/4/2025 4:00,This_Downstream_Plant,10.34847056296307,7.078411575896679,57.08114825648381,2.495139047438334,9.955622525232299
2/4/2025 5:00,This_Downstream_Plant,11.291509899520326,7.238940466118924,50.56079672287735,1.5207300832207946,9.211321279131381
2/4/2025 6:00,This_Downstream_Plant,11.676826403931317,7.035792375299603,54.03599084,1.9410251619764411,9.750689213867043
2/4/2025 7:00,This_Downstream_Plant,13.752720281483429,6.942889997742765,53.92211570731189,1.9993025607519925,8.370419694856821
2/4/2025 8:00,This_Downstream_Plant,15.253343348939413,7.185161945528816,55.47029047922434,1.3981253827277031,8.060820627319847
2/4/2025 9:00,This_Downstream_Plant,17.30624706888499,7.222716857946737,54.17236761507838,1.0979643216097803,7.343872809
2/4/2025 10:00,This_Downstream_Plant,17.979993300363912,7.143914158817354,59.03328141876632,0.7562568037665218,6.737981392738618
2/4/2025 11:00,This_Downstream_Plant,17.85516462204606,7.305491007592049,59.195102686719395,2.427071934805923,6.746467683957825
2/4/2025 12:00,This_Downstream_Plant,19.589771955663863,7.197110794886646,52.48339323324436,3.207912205195873,6.187949174534522
2/4/2025 13:00,This_Downstream_Plant,20.02492512642583,7.006873502,54.379496779100364,2.8097848572942405,6.073660516487492
2/4/2025 14:00,This_Downstream_Plant,19.80467516966604,7.271539837340143,59.72429429666802,2.7687564682723407,5.911323799536138
2/4/2025 15:00,This_Downstream_Plant,19.778690688207533,7.080268486353103,52.58003533676124,1.5656980049996867,6.389729848751543
2/4/2025 16:00,This_Downstream_Plant,19.123538780443905,7.304417143044682,54.41343902427522,1.4678433727197644,6.164940655330486
2/4/2025 17:00,This_Downstream_Plant,18.81944452853595,7.021620650852131,52.21243833,2.372514645350733,6.3624517947766615
2/4/2025 18:00,This_Downstream_Plant,17.16626724838157,7.076913915810915,54.62153380792159,0.9514246135560259,7.656705973915514
2/4/2025 19:00,This_Downstream_Plant,16.240629883350106,7.251213618658292,56.59562094,1.4135110917328346,7.5195148160699326
2/4/2025 20:00,This_Downstream_Plant,15.153596795228745,7.031765480021091,55.15239817000834,2.636096710479714,7.848394162662744
2/4/2025 21:00,This_Downstream_Plant,13.61490535046252,6.973831268543093,53.553469011885085,1.251073415133304,8.655573979883679
2/4/2025 22:00,This_Downstream_Plant,12.347067843829658,7.000986262,55.86005840906136,1.2917538943076892,8.783369415555649
2/4/2025 23:00,This_Downstream_Plant,11.748166404348561,6.843769995655045,52.54377691672537,1.6160793131697593,9.051857227807423
2/5/2025 0:00,This_Downstream_Plant,10.198181505450993,6.865914925250121,55.42541906597353,1.5134485301775096,9.728359513452606
2/5/2025 1:00,This_Downstream_Plant,9.917708784,7.442028098844767,55.32829805797911,2.751216859814197,10.010209901891542
2/5/2025 2:00,This_Downstream_Plant,9.795759084350108,7.290612093834137,57.532739255200276,1.7530415226100406,9.742950566075814
2/5/2025 3:00,This_Downstream_Plant,10.521155906083505,6.958061708429794,56.87591666,1.7948807648053857,9.831584580154576
2/5/2025 4:00,This_Downstream_Plant,11.469349198182261,7.391446640670368,53.60334495784908,1.1508643106954117,9.517962286561673
2/5/2025 5:00,This_Downstream_Plant,11.389063600869536,7.410808691374917,56.18123968203737,5.012195028959049,9.290199933990843
2/5/2025 6:00,This_Downstream_Plant,13.216215862033446,7.213591356210985,55.23865332950433,2.470216610497961,8.681698904888147
2/5/2025 7:00,This_Downstream_Plant,13.205356109010593,7.4313816595427085,53.77750396443962,3.1735934778363974,8.617871248971092
2/5/2025 8:00,This_Downstream_Plant,15.44975617280375,7.446865182631155,54.51570248833668,0.8461275775114094,7.800121148853775
2/5/2025 9:00,This_Downstream_Plant,15.64963518855407,7.510414608233813,56.77237562889569,1.9400334124421885,7.675285939709124
2/5/2025 10:00,This_Downstream_Plant,17.551224601124606,7.423896192727409,56.90999969130412,1.7061157992939977,7.066704107246833
2/5/2025 11:00,This_Downstream_Plant,18.730863877017892,7.4659052867719975,57.06053523,0.9439407445911351,6.736848035
2/5/2025 12:00,This_Downstream_Plant,18.557058814582817,7.477836481473389,55.25483388453919,1.3378626377498253,6.598703387885447
2/5/2025 13:00,This_Downstream_Plant,19.419924231492363,6.849057943,53.06125656284547,1.3553432704739024,6.368975448645371
2/5/2025 14:00,This_Downstream_Plant,19.88431388400565,7.112809926,54.45340696651461,1.8807618984524193,6.221413865720337
2/5/2025 15:00,This_Downstream_Plant,20.59905856615041,7.218105005,57.309789527916806,1.515111820960227,5.849339653172591
2/5/2025 16:00,This_Downstream_Plant,19.42753354764615,6.9706402182803275,55.11453042,1.1775386632216547,6.304852409715789
2/5/2025 17:00,This_Downstream_Plant,18.320995192492877,7.446942035760453,57.14427528877996,1.431672104706138,6.501952510839819
2/5/2025 18:00,This_Downstream_Plant,16.47038306850753,7.108319209137987,56.448569436761865,3.977159058091996,7.607621940175012
2/5/2025 19:00,This_Downstream_Plant,16.64609121561467,6.912387532736582,56.71219350210884,4.274142422,7.373915073268795
2/5/2025 20:00,This_Downstream_Plant,14.415240581230423,7.2497212998522205,53.22978998,2.494675374355787,8.343075763940043
2/5/2025 21:00,This_Downstream_Plant,13.325467399582289,7.253587780701324,57.59164864873589,1.2824521723658187,8.802533617601558
2/5/2025 22:00,This_Downstream_Plant,12.359972936401645,7.133193008571075,55.87305922694874,2.726095199628756,9.065619833
2/5/2025 23:00,This_Downstream_Plant,11.911820186554907,7.382526975956833,55.95259998,0.5847347631281505,8.991257935114664
2/6/2025 0:00,This_Downstream_Plant,10.351782065287967,7.039643687093018,56.35078303333488,2.1035072162084396,9.803869436586567
2/6/2025 1:00,This_Downstream_Plant,10.04800606659747,7.131533790594752,53.524532612356865,0.8122056173391575,10.183628326031354
2/6/2025 2:00,This_Downstream_Plant,10.60815073999298,7.211931633887239,54.25848610854455,2.694264342325808,9.804383449347922
2/6/2025 3:00,This_Downstream_Plant,9.627529071544673,7.154438106464381,56.25955485812432,2.0046673472059005,10.262062376367204
2/6/2025 4:00,This_Downstream_Plant,11.95826412624912,7.151021026353275,54.635074694793495,1.759561905608396,9.330195819371184
2/6/2025 5:00,This_Downstream_Plant,12.240944873182167,7.169414334885873,56.27790509284736,3.581423478231051,8.841764639402427
2/6/2025 6:00,This_Downstream_Plant,12.59287330258132,7.056720185486111,50.98833249284874,0.9529135469756426,9.023863336195474
2/6/2025 7:00,This_Downstream_Plant,12.818415729125011,7.235169068672679,55.91311779394245,3.5385965406571525,9.092819784608476
2/6/2025 8:00,This_Downstream_Plant,15.177396303103276,7.266004400506652,54.782671974668375,1.5390221983258359,8.105062296913557
2/6/2025 9:00,This_Downstream_Plant,15.984475709531953,7.567129125546621,56.15027031389955,2.3772355086909425,7.35803875
2/6/2025 10:00,This_Downstream_Plant,17.574860456971884,7.022642634907003,58.37512578673674,1.0819680868356596,7.338649035446502
2/6/2025 11:00,This_Downstream_Plant,19.28698844,7.028418345015867,53.53807265,2.2633881543315457,6.811912294059456
2/6/2025 12:00,This_Downstream_Plant,19.001961363218047,7.012721202617114,56.80897354185796,1.2831036583955246,5.972294907970736
2/6/2025 13:00,This_Downstream_Plant,20.778427068989455,6.994100103728404,54.63792065,5.275955859471543,5.775575371596555
2/6/2025 14:00,This_Downstream_Plant,19.447639238957432,7.442379082153154,54.629694481036225,2.2305949305039072,6.159006445
2/6/2025 15:00,This_Downstream_Plant,19.893604260350898,6.982701309099759,58.025215295401395,2.309895192691217,5.998711850660784
2/6/2025 16:00,This_Downstream_Plant,19.654195794177344,7.135670913920176,54.15789183,1.3989770652798785,5.981124576293447
2/6/2025 17:00,This_Downstream_Plant,18.263428389723153,7.256877499,54.19671895716047,3.675421980515216,6.845426130998235
2/6/2025 18:00,This_Downstream_Plant,17.299549903154354,7.278742900325134,54.06698332645292,2.018411609460621,7.061809608470543
2/6/2025 19:00,This_Downstream_Plant,16.629055449926653,7.011021318927624,52.023828818481164,2.3127351260790165,7.499379284443892
2/6/2025 20:00,This_Downstream_Plant,14.66701880018464,7.344959530198538,58.73100468845395,1.4440886509335413,8.189341969590167
2/6/2025 21:00,This_Downstream_Plant,13.306567479404146,7.292652187389336,53.54448323180294,1.4462191090590035,8.981806822382579
2/6/2025 22:00,This_Downstream_Plant,13.257661538561408,7.168130841173556,53.48942581861947,2.2013369615012492,8.917179186882919
2/6/2025 23:00,This_Downstream_Plant,12.185478824392877,7.077889378518354,58.81796041621809,3.605133325055383,9.209438124
2/7/2025 0:00,This_Downstream_Plant,10.781609992744903,7.182317563,53.03368128447353,1.4491217930724947,9.513515703500122
2/7/2025 1:00,This_Downstream_Plant,9.947448924,7.348149406,51.58040422011378,1.9734682665134748,10.01608396969819
2/7/2025 2:00,This_Downstream_Plant,9.949348391216335,6.659033590287754,57.08558831639648,0.8308070288437004,10.097913541104276
2/7/2025 3:00,This_Downstream_Plant,10.453650798282327,7.216107492,58.69459781226718,2.0360840477103768,9.830692238006801
2/7/2025 4:00,This_Downstream_Plant,10.230769366972929,7.477982141021496,53.66230219191617,2.2044438240975897,10.047515443288955
2/7/2025 5:00,This_Downstream_Plant,10.620117607651096,7.083842576408296,56.95072048233007,1.2986306473076898,9.640927839127084
2/7/2025 6:00,This_Downstream_Plant,12.519273754728157,6.839247721480049,52.99897983660339,1.9156212954491232,9.166775249291895
2/7/2025 7:00,This_Downstream_Plant,14.40306836538587,7.268512537430335,57.32574933760633,4.299957573969064,8.101501845029578
2/7/2025 8:00,This_Downstream_Plant,14.754672017946858,7.262807924,57.85500490198653,1.3197705837800848,8.055848748538446
2/7/2025 9:00,This_Downstream_Plant,16.572098074280845,6.9089004133058065,51.52859228803891,2.1924910476190655,7.402456695741669
2/7/2025 10:00,This_Downstream_Plant,17.398348903944523,7.283164604557262,56.21594717828739,2.6286875490398947,6.994476697226263
2/7/2025 11:00,This_Downstream_Plant,19.078232419448966,7.413571846662034,55.90800421841432,2.0360503695154466,6.170303073627053
2/7/2025 12:00,This_Downstream_Plant,18.681471619307654,7.198037272409325,52.651239893130224,3.8391623120743716,6.5916639540441535
2/7/2025 13:00,This_Downstream_Plant,19.714451580275647,7.238938608266433,52.533185584302664,1.8186852301799759,6.214080499341966
2/7/2025 14:00,This_Downstream_Plant,20.390786550454585,7.326028977564504,58.23378569954327,1.1888967729487352,5.392877808
2/7/2025 15:00,This_Downstream_Plant,19.99437662866023,7.370694324101882,54.33566502251936,1.5063331852971649,5.998747918395732
2/7/2025 16:00,This_Downstream_Plant,19.07004958349713,7.122617982829728,54.15525728588275,2.4139949722434713,6.210297280947462
2/7/2025 17:00,This_Downstream_Plant,17.267764115068214,7.3329343624959575,57.76570175975656,1.5453801000039942,7.206231765076334
2/7/2025 18:00,This_Downstream_Plant,17.069317650409836,7.1358552358214205,54.54273842549121,4.7484529384119885,7.181150933158938
2/7/2025 19:00,This_Downstream_Plant,15.952918971519242,7.281643417434687,53.27440164356267,2.172927449067221,7.644917868854972
2/7/2025 20:00,This_Downstream_Plant,15.357028354210506,7.555632228734894,54.58075449326007,0.8782800468242401,7.885236145060881
2/7/2025 21:00,This_Downstream_Plant,13.826827532002447,7.014605758124497,55.10667348010124,1.4821506801324458,8.324497122758656
2/7/2025 22:00,This_Downstream_Plant,11.715051164300045,7.1003573197840195,52.334691658235464,3.6305201682589967,9.663976784963173
2/7/2025 23:00,This_Downstream_Plant,10.778086684214411,7.012532361,54.341750088403984,2.564070547015811,9.355539059217378
2/1/2025 0:00,That_River_Upstream,7.35,17.5,2.99,7.97,46.56
2/1/2025 1:00,That_River_Upstream,7.28,19.44,0.1,7.68,54.7
2/1/2025 2:00,That_River_Upstream,7.06,21.25,0.92,7.11,48.04
2/1/2025 3:00,That_River_Upstream,6.5,22.8,3.06,6.78,46.39
2/1/2025 4:00,That_River_Upstream,6.93,24,3.93,6,47
2/1/2025 5:00,That_River_Upstream,7.97,24.74,3.04,6.15,46.71
2/1/2025 6:00,That_River_Upstream,7.02,25,2.2,6,46.22
2/1/2025 7:00,That_River_Upstream,7.04,24.74,1.29,6.07,51.63
2/1/2025 8:00,That_River_Upstream,7.26,24,0.92,6,54.7
2/1/2025 9:00,That_River_Upstream,7.27,22.8,0.44,6.76,46.96
2/1/2025 10:00,That_River_Upstream,7.17,21.25,1.36,6.94,53.29
2/1/2025 11:00,That_River_Upstream,6.8,19.44,0.7,7.31,53.02
2/1/2025 12:00,That_River_Upstream,7,17.5,4.08,8.12,52.07
2/1/2025 13:00,That_River_Upstream,7.47,15.56,1.79,8.67,46.16
2/1/2025 14:00,That_River_Upstream,7.3,13.75,0.32,9.2,48.11
2/1/2025 15:00,That_River_Upstream,7.55,12.2,4.44,9.23,49.72
2/1/2025 16:00,That_River_Upstream,7.31,11,2.81,9.6,52.71
2/1/2025 17:00,That_River_Upstream,8.21,10.26,0.13,9.75,46.08
2/1/2025 18:00,That_River_Upstream,7.23,10,2.54,9.94,54.08
2/1/2025 19:00,That_River_Upstream,7.04,10.26,1.14,9.63,45.77
2/1/2025 20:00,That_River_Upstream,6.96,11,4.04,9.63,51.33
2/1/2025 21:00,That_River_Upstream,7.28,12.2,4.46,9.48,50.39
2/1/2025 22:00,That_River_Upstream,6.99,13.75,2.14,8.93,53.18
2/1/2025 23:00,That_River_Upstream,6.5,15.56,0.6,8.59,48.38
2/2/2025 0:00,That_River_Upstream,7.15,17.5,3.52,8.08,48.64
2/2/2025 1:00,That_River_Upstream,7.19,19.44,1.42,7.15,45.37
2/2/2025 2:00,That_River_Upstream,7.22,21.25,1.39,7.49,54.08
2/2/2025 3:00,That_River_Upstream,7.03,22.8,4.93,6.5,47.42
2/2/2025 4:00,That_River_Upstream,7.54,24,3.64,6.42,48.68
2/2/2025 5:00,That_River_Upstream,7.62,24.74,0.45,6.35,53.35
2/2/2025 6:00,That_River_Upstream,6.9,25,2.95,6,51.78
2/2/2025 7:00,That_River_Upstream,7.2,24.74,3.23,6,46.74
2/2/2025 8:00,That_River_Upstream,6.92,24,0.69,6.58,48.41
2/2/2025 9:00,That_River_Upstream,7.09,22.8,4.09,6.7,50.55
2/2/2025 10:00,That_River_Upstream,6.72,21.25,4.49,7.04,54
2/2/2025 11:00,That_River_Upstream,6.77,19.44,3.63,7.72,53.97
2/2/2025 12:00,That_River_Upstream,7.28,17.5,0.42,8.07,46.62
2/2/2025 13:00,That_River_Upstream,7.27,15.56,0.51,8.69,51.64
2/2/2025 14:00,That_River_Upstream,7.76,13.75,1.12,9.09,52.12
2/2/2025 15:00,That_River_Upstream,6.97,12.2,3.25,9.19,53.49
2/2/2025 16:00,That_River_Upstream,7.45,11,1.84,10,47.65
2/2/2025 17:00,That_River_Upstream,7.46,10.26,3.97,9.88,50.03
2/2/2025 18:00,That_River_Upstream,7.12,10,3.61,10,47.81
2/2/2025 19:00,That_River_Upstream,7.21,10.26,4.7,9.9,54.54
2/2/2025 20:00,That_River_Upstream,7.13,11,4.64,9.87,49.28
2/2/2025 21:00,That_River_Upstream,7.06,12.2,4.26,9.57,48.17
2/2/2025 22:00,That_River_Upstream,7.26,13.75,3.48,8.75,50.7
2/2/2025 23:00,That_River_Upstream,7.27,15.56,24.2,8.36,50.18
2/3/2025 0:00,That_River_Upstream,7.31,17.5,3.51,8.11,48.59
2/3/2025 1:00,That_River_Upstream,7.47,19.44,4.34,7.36,54.13
2/3/2025 2:00,That_River_Upstream,7.35,21.25,3.25,7.77,52.02
2/3/2025 3:00,That_River_Upstream,7.27,22.8,1.88,6.62,45.94
2/3/2025 4:00,That_River_Upstream,7.05,24,2.71,6.28,47.87
2/3/2025 5:00,That_River_Upstream,7.08,24.74,4.11,6.08,48.6
2/3/2025 6:00,That_River_Upstream,7.22,25,1.08,6,51.23
2/3/2025 7:00,That_River_Upstream,7.92,24.74,3.63,6.44,54.76
2/3/2025 8:00,That_River_Upstream,6.59,24,1.35,6.31,49.39
2/3/2025 9:00,That_River_Upstream,6.97,22.8,0.78,6.92,47.5
2/3/2025 10:00,That_River_Upstream,7.73,21.25,1.4,7.08,54.55
2/3/2025 11:00,That_River_Upstream,7.31,19.44,2.1,7.81,47.48
2/3/2025 12:00,That_River_Upstream,7.58,17.5,0.58,7.86,45.46
2/3/2025 13:00,That_River_Upstream,7.13,15.56,2.46,8.89,49.73
2/3/2025 14:00,That_River_Upstream,7.12,13.75,3.08,8.75,51.35
2/3/2025 15:00,That_River_Upstream,7.16,12.2,2.52,9.32,53.56
2/3/2025 16:00,That_River_Upstream,6.91,11,3.21,9.82,45.27
2/3/2025 17:00,That_River_Upstream,7.39,10.26,1.94,9.96,51.43
2/3/2025 18:00,That_River_Upstream,7.84,10,1.93,9.61,54.61
2/3/2025 19:00,That_River_Upstream,7.05,10.26,4.22,9.97,45.23
2/3/2025 20:00,That_River_Upstream,7.02,11,3.48,9.9,51.29
2/3/2025 21:00,That_River_Upstream,7.31,12.2,1.41,9.53,46.77
2/3/2025 22:00,That_River_Upstream,7.42,13.75,32.38,9.12,48.72
2/3/2025 23:00,That_River_Upstream,7,15.56,4.29,8.75,49.29
2/4/2025 0:00,That_River_Upstream,7.45,17.5,4.51,8.16,50.05
2/4/2025 1:00,That_River_Upstream,7.04,19.44,1.95,7.67,45.11
2/4/2025 2:00,That_River_Upstream,7.3,21.25,37.2,6.97,51.32
2/4/2025 3:00,That_River_Upstream,6.66,22.8,3.36,6.5,52.52
2/4/2025 4:00,That_River_Upstream,7.39,24,2.47,6.39,45.58
2/4/2025 5:00,That_River_Upstream,6.57,24.74,1.75,6.42,46.17
2/4/2025 6:00,That_River_Upstream,7.32,25,0.51,6,45.84
2/4/2025 7:00,That_River_Upstream,7.07,24.74,3.53,6.11,45.81
2/4/2025 8:00,That_River_Upstream,6.77,24,4.74,6,54.86
2/4/2025 9:00,That_River_Upstream,7,22.8,3.89,6.86,50.58
2/4/2025 10:00,That_River_Upstream,7.46,21.25,2.46,6.97,45.11
2/4/2025 11:00,That_River_Upstream,7,19.44,0.59,7.47,51.49
2/4/2025 12:00,That_River_Upstream,7.36,17.5,31.25,8.31,47.86
2/4/2025 13:00,That_River_Upstream,7.1,15.56,20.36,8.61,54.7
2/4/2025 14:00,That_River_Upstream,7.27,13.75,2.77,9,54.69
2/4/2025 15:00,That_River_Upstream,7.88,12.2,2.27,9.5,51.28
2/4/2025 16:00,That_River_Upstream,7.46,11,1.4,9.77,54.5
2/4/2025 17:00,That_River_Upstream,7.17,10.26,1.39,10,46.88
2/4/2025 18:00,That_River_Upstream,6.56,10,0.39,9.89,54.74
2/4/2025 19:00,That_River_Upstream,6.63,10.26,3.42,10,46.63
2/4/2025 20:00,That_River_Upstream,6.8,11,4.33,10,45.45
2/4/2025 21:00,That_River_Upstream,7.18,12.2,4.94,9.36,46.5
2/4/2025 22:00,That_River_Upstream,6.69,13.75,45.26,9.27,53.38
2/4/2025 23:00,That_River_Upstream,6.5,15.56,0.28,8.34,53.65
2/5/2025 0:00,That_River_Upstream,7.2,17.5,4.72,8.01,53.5
2/5/2025 1:00,That_River_Upstream,7.11,19.44,4.77,7.16,51.06
2/5/2025 2:00,That_River_Upstream,7.41,21.25,1.79,6.78,46.14
2/5/2025 3:00,That_River_Upstream,7.27,22.8,2.6,7,53.52
2/5/2025 4:00,That_River_Upstream,7.82,24,2.02,6.62,46.34
2/5/2025 5:00,That_River_Upstream,7.65,24.74,0.68,6.24,45.15
2/5/2025 6:00,That_River_Upstream,7.52,25,2.19,6,54.04
2/5/2025 7:00,That_River_Upstream,7.26,24.74,1.98,6,51.22
2/5/2025 8:00,That_River_Upstream,6.69,24,4.9,6.26,49.93
2/5/2025 9:00,That_River_Upstream,7.54,22.8,0.38,6.3,46.29
2/5/2025 10:00,That_River_Upstream,7.31,21.25,1.73,6.81,53.97
2/5/2025 11:00,That_River_Upstream,7.82,19.44,0.96,7.42,45.41
2/5/2025 12:00,That_River_Upstream,7.04,17.5,0.44,7.84,46.21
2/5/2025 13:00,That_River_Upstream,6.77,15.56,2.52,8.48,51.9
2/5/2025 14:00,That_River_Upstream,6.99,13.75,4.6,9.04,45.61
2/5/2025 15:00,That_River_Upstream,7.46,12.2,0.92,9.29,47.09
2/5/2025 16:00,That_River_Upstream,7.12,11,1.84,9.27,49.63
2/5/2025 17:00,That_River_Upstream,7.46,10.26,2.56,9.73,50.32
2/5/2025 18:00,That_River_Upstream,7.16,10,1.21,9.81,47.69
2/5/2025 19:00,That_River_Upstream,7.14,10.26,1.06,9.92,48.27
2/5/2025 20:00,That_River_Upstream,7.71,11,2.49,9.91,45.87
2/5/2025 21:00,That_River_Upstream,7.91,12.2,2.16,9.62,46.28
2/5/2025 22:00,That_River_Upstream,6.94,13.75,2.85,8.72,48.56
2/5/2025 23:00,That_River_Upstream,7.21,15.56,0.51,8.54,46.53
2/6/2025 0:00,That_River_Upstream,7,17.5,1.43,7.9,46.73
2/6/2025 1:00,That_River_Upstream,6.5,19.44,23.36,7.62,48.98
2/6/2025 2:00,That_River_Upstream,7.03,21.25,3.34,7.15,54.29
2/6/2025 3:00,That_River_Upstream,7.81,22.8,3.85,6.91,46.87
2/6/2025 4:00,That_River_Upstream,6.97,24,1.21,6,46.15
2/6/2025 5:00,That_River_Upstream,6.74,24.74,0.77,6.23,49.81
2/6/2025 6:00,That_River_Upstream,7,25,0.67,6.01,45.63
2/6/2025 7:00,That_River_Upstream,7.02,24.74,3.8,6.22,50.96
2/6/2025 8:00,That_River_Upstream,6.5,24,4.65,6.11,53.31
2/6/2025 9:00,That_River_Upstream,7.25,22.8,0.33,6.6,52.41
2/6/2025 10:00,That_River_Upstream,7.55,21.25,3.98,7.05,47.02
2/6/2025 11:00,That_River_Upstream,7.1,19.44,3.33,7.42,50.23
2/6/2025 12:00,That_River_Upstream,7.46,17.5,4.08,7.93,49.39
2/6/2025 13:00,That_River_Upstream,7,15.56,3.74,8.07,50.03
2/6/2025 14:00,That_River_Upstream,7.3,13.75,2.72,8.96,54.06
2/6/2025 15:00,That_River_Upstream,6.93,12.2,3.14,9.47,48.35
2/6/2025 16:00,That_River_Upstream,7.3,11,2.67,9.65,53.94
2/6/2025 17:00,That_River_Upstream,7.05,10.26,1.24,10,52.44
2/6/2025 18:00,That_River_Upstream,7.22,10,4.38,9.9,48.42
2/6/2025 19:00,That_River_Upstream,7.59,10.26,1.15,9.84,52.22
2/6/2025 20:00,That_River_Upstream,7.46,11,2.71,10,47.52
2/6/2025 21:00,That_River_Upstream,6.88,12.2,2.92,9.31,49.01
2/6/2025 22:00,That_River_Upstream,7.4,13.75,2.93,8.99,50.06
2/6/2025 23:00,That_River_Upstream,7.14,15.56,4.66,8.53,50.65
2/7/2025 0:00,That_River_Upstream,7.34,17.5,0.76,8.04,50.76
2/7/2025 1:00,That_River_Upstream,6.8,19.44,4.67,7.86,54.26
2/7/2025 2:00,That_River_Upstream,6.9,21.25,45.17,6.97,46.25
2/7/2025 3:00,That_River_Upstream,7.96,22.8,0.27,6.69,48.35
2/7/2025 4:00,That_River_Upstream,6.9,24,4.6,6,48.46
2/7/2025 5:00,That_River_Upstream,7.58,24.74,1.12,6,49.52
2/7/2025 6:00,That_River_Upstream,7.13,25,2.09,6,54.15
2/7/2025 7:00,That_River_Upstream,7.52,24.74,0.07,6,51.64
2/7/2025 8:00,That_River_Upstream,7.12,24,4.98,6.05,50.02
2/7/2025 9:00,That_River_Upstream,7,22.8,1.05,6.62,53.98
2/7/2025 10:00,That_River_Upstream,7.03,21.25,2.36,6.89,50.65
2/7/2025 11:00,That_River_Upstream,7.62,19.44,2,6.95,50.6
2/7/2025 12:00,That_River_Upstream,7.1,17.5,4.73,7.93,48.73
2/7/2025 13:00,That_River_Upstream,7.45,15.56,0.13,8.25,46.56
2/7/2025 14:00,That_River_Upstream,7.48,13.75,1.11,9.25,47.31
2/7/2025 15:00,That_River_Upstream,7.23,12.2,3.26,9.39,47.38
2/7/2025 16:00,That_River_Upstream,7.13,11,4.28,9.66,53.3
2/7/2025 17:00,That_River_Upstream,7.69,10.26,1.47,9.73,53.96
2/7/2025 18:00,That_River_Upstream,7.3,10,4.46,9.75,53.17
2/7/2025 19:00,That_River_Upstream,6.83,10.26,2.95,9.77,47.68
2/7/2025 20:00,That_River_Upstream,6.82,11,2.18,10,47.94
2/7/2025 21:00,That_River_Upstream,7.49,12.2,2.13,9.41,45.22
2/7/2025 22:00,That_River_Upstream,7.29,13.75,1.29,8.66,46.39
2/7/2025 23:00,That_River_Upstream,6.81,15.56,0.09,8.54,54.14
2/1/2025 0:00,That_Downstream_Plant,7.26,17.5,2.77,7.8,51.51
2/1/2025 1:00,That_Downstream_Plant,7.06,19.44,0.68,7.59,54
2/1/2025 2:00,That_Downstream_Plant,7.28,21.25,3.33,7.2,46.75
2/1/2025 3:00,That_Downstream_Plant,7.15,22.8,2.59,6.75,45.47
2/1/2025 4:00,That_Downstream_Plant,7.36,24,3.02,6.12,47.45
2/1/2025 5:00,That_Downstream_Plant,6.74,24.74,3.6,6,47.97
2/1/2025 6:00,That_Downstream_Plant,6.92,25,4.68,6.53,52.33
2/1/2025 7:00,That_Downstream_Plant,7.38,24.74,2.48,6,50.97
2/1/2025 8:00,That_Downstream_Plant,7.54,24,0.38,6.13,52.28
2/1/2025 9:00,That_Downstream_Plant,7.79,22.8,1.23,6.58,53.19
2/1/2025 10:00,That_Downstream_Plant,7.39,21.25,2.95,7.19,48.61
2/1/2025 11:00,That_Downstream_Plant,6.8,19.44,4.36,7.44,52.32
2/1/2025 12:00,That_Downstream_Plant,7.37,17.5,4.25,8.22,47.5
2/1/2025 13:00,That_Downstream_Plant,6.74,15.56,48.32,8.51,45.39
2/1/2025 14:00,That_Downstream_Plant,7.33,13.75,2.84,9.04,54.15
2/1/2025 15:00,That_Downstream_Plant,7.33,12.2,48.33,9.37,49.74
2/1/2025 16:00,That_Downstream_Plant,7.21,11,4.14,9.74,45.37
2/1/2025 17:00,That_Downstream_Plant,6.78,10.26,0.38,10,51.96
2/1/2025 18:00,That_Downstream_Plant,7.58,10,1.58,9.82,50.39
2/1/2025 19:00,That_Downstream_Plant,7,10.26,4.43,10,51.16
2/1/2025 20:00,That_Downstream_Plant,7.22,11,3.99,9.95,54.98
2/1/2025 21:00,That_Downstream_Plant,7.57,12.2,2.4,9.28,51.28
2/1/2025 22:00,That_Downstream_Plant,7.07,13.75,3.69,9.29,47.39
2/1/2025 23:00,That_Downstream_Plant,7.11,15.56,1.48,8.36,47.34
2/2/2025 0:00,That_Downstream_Plant,7.19,17.5,3.4,8.05,47.18
2/2/2025 1:00,That_Downstream_Plant,7.15,19.44,4.72,7.32,49.67
2/2/2025 2:00,That_Downstream_Plant,6.86,21.25,26.95,7.08,54.43
2/2/2025 3:00,That_Downstream_Plant,7.55,22.8,1.15,6.91,46.77
2/2/2025 4:00,That_Downstream_Plant,7.01,24,1.75,6.16,45.58
2/2/2025 5:00,That_Downstream_Plant,7.09,24.74,3.48,6,46.54
2/2/2025 6:00,That_Downstream_Plant,7.03,25,2.68,6.13,50.93
2/2/2025 7:00,That_Downstream_Plant,6.95,24.74,1.33,6.1,46.3
2/2/2025 8:00,That_Downstream_Plant,7.29,24,2.75,6.33,45.87
2/2/2025 9:00,That_Downstream_Plant,6.68,22.8,3.62,6.33,49.96
2/2/2025 10:00,That_Downstream_Plant,7.04,21.25,2.48,7.04,49.81
2/2/2025 11:00,That_Downstream_Plant,7.56,19.44,3.39,7.55,50.66
2/2/2025 12:00,That_Downstream_Plant,7.38,17.5,3.29,7.93,53.51
2/2/2025 13:00,That_Downstream_Plant,7.32,15.56,3.49,8.66,51.8
2/2/2025 14:00,That_Downstream_Plant,7.61,13.75,4.4,9.13,53.72
2/2/2025 15:00,That_Downstream_Plant,7.09,12.2,0.8,9.25,53.18
2/2/2025 16:00,That_Downstream_Plant,7.21,11,1.44,9.99,51.17
2/2/2025 17:00,That_Downstream_Plant,7.21,10.26,3.17,9.95,50.4
2/2/2025 18:00,That_Downstream_Plant,7.11,10,2.71,10,54.63
2/2/2025 19:00,That_Downstream_Plant,7.56,10.26,0.51,9.64,54.37
2/2/2025 20:00,That_Downstream_Plant,7.07,11,3.54,9.77,45.67
2/2/2025 21:00,That_Downstream_Plant,6.66,12.2,0.23,9.61,53.72
2/2/2025 22:00,That_Downstream_Plant,7.03,13.75,0.12,9.08,45.22
2/2/2025 23:00,That_Downstream_Plant,7.16,15.56,3.42,8.11,49.46
2/3/2025 0:00,That_Downstream_Plant,6.77,17.5,3.97,7.56,51.94
2/3/2025 1:00,That_Downstream_Plant,7.54,19.44,4.75,7.74,46.51
2/3/2025 2:00,That_Downstream_Plant,7.4,21.25,3.19,6.98,48.98
2/3/2025 3:00,That_Downstream_Plant,7.47,22.8,1.07,6.54,45.31
2/3/2025 4:00,That_Downstream_Plant,6.82,24,2.37,6.56,54.68
2/3/2025 5:00,That_Downstream_Plant,7.28,24.74,3.85,6.02,53.45
2/3/2025 6:00,That_Downstream_Plant,7.39,25,0.16,6.27,54.21
2/3/2025 7:00,That_Downstream_Plant,7.57,24.74,0.59,6.17,46.25
2/3/2025 8:00,That_Downstream_Plant,7,24,2.46,6.63,45.64
2/3/2025 9:00,That_Downstream_Plant,6.72,22.8,1.55,6.7,49.55
2/3/2025 10:00,That_Downstream_Plant,7.06,21.25,1.46,6.52,51.95
2/3/2025 11:00,That_Downstream_Plant,7.31,19.44,2.4,7.58,46.05
2/3/2025 12:00,That_Downstream_Plant,7.2,17.5,3.51,7.77,50.6
2/3/2025 13:00,That_Downstream_Plant,6.94,15.56,0.17,8.53,45.79
2/3/2025 14:00,That_Downstream_Plant,6.9,13.75,3.45,8.94,53.01
2/3/2025 15:00,That_Downstream_Plant,7.05,12.2,3.18,9.33,52.06
2/3/2025 16:00,That_Downstream_Plant,7.22,11,4.35,9.6,52.14
2/3/2025 17:00,That_Downstream_Plant,7.03,10.26,0.4,10,53.95
2/3/2025 18:00,That_Downstream_Plant,7.6,10,3.22,10,50.26
2/3/2025 19:00,That_Downstream_Plant,7.09,10.26,1.24,9.97,46.6
2/3/2025 20:00,That_Downstream_Plant,7.1,11,30.11,9.82,46.82
2/3/2025 21:00,That_Downstream_Plant,7.39,12.2,2.78,9.64,52.19
2/3/2025 22:00,That_Downstream_Plant,7.21,13.75,3.4,9.02,45.72
2/3/2025 23:00,That_Downstream_Plant,7.53,15.56,3.71,8.5,49.25
2/4/2025 0:00,That_Downstream_Plant,6.83,17.5,21.2,7.71,53.67
2/4/2025 1:00,That_Downstream_Plant,6.73,19.44,2.43,7.88,53.73
2/4/2025 2:00,That_Downstream_Plant,7.15,21.25,2.96,7.18,54.12
2/4/2025 3:00,That_Downstream_Plant,7.36,22.8,3.67,6.34,46.32
2/4/2025 4:00,That_Downstream_Plant,7.35,24,1.19,6.32,54.71
2/4/2025 5:00,That_Downstream_Plant,7.3,24.74,1.24,6.01,53.71
2/4/2025 6:00,That_Downstream_Plant,7.43,25,2.96,6,46.64
2/4/2025 7:00,That_Downstream_Plant,7.31,24.74,3.28,6.05,48.25
2/4/2025 8:00,That_Downstream_Plant,7.06,24,33.61,6.34,47.36
2/4/2025 9:00,That_Downstream_Plant,6.57,22.8,2.15,6.64,47.49
2/4/2025 10:00,That_Downstream_Plant,7.65,21.25,0.84,7.17,45.37
2/4/2025 11:00,That_Downstream_Plant,7.45,19.44,4.22,7.73,53.06
2/4/2025 12:00,That_Downstream_Plant,7.51,17.5,0.56,8.05,47.7
2/4/2025 13:00,That_Downstream_Plant,7.21,15.56,0.2,8.38,46.22
2/4/2025 14:00,That_Downstream_Plant,7.42,13.75,2.54,8.98,45.42
2/4/2025 15:00,That_Downstream_Plant,7.24,12.2,2.27,9.5,50.16
2/4/2025 16:00,That_Downstream_Plant,7.83,11,0.15,9.7,48.08
2/4/2025 17:00,That_Downstream_Plant,6.92,10.26,4.85,10,45.94
2/4/2025 18:00,That_Downstream_Plant,7.01,10,0.89,10,51.93
2/4/2025 19:00,That_Downstream_Plant,7.19,10.26,4.34,10,50.71
2/4/2025 20:00,That_Downstream_Plant,7.53,11,3.29,9.97,48.94
2/4/2025 21:00,That_Downstream_Plant,6.97,12.2,5,9.47,45.48
2/4/2025 22:00,That_Downstream_Plant,7.18,13.75,3.91,9.07,50.67
2/4/2025 23:00,That_Downstream_Plant,7.37,15.56,1.64,8.59,51.68
2/5/2025 0:00,That_Downstream_Plant,7.38,17.5,2.18,8.14,53.18
2/5/2025 1:00,That_Downstream_Plant,7.24,19.44,1.62,7.28,48.66
2/5/2025 2:00,That_Downstream_Plant,7.68,21.25,2.24,6.83,47.38
2/5/2025 3:00,That_Downstream_Plant,6.81,22.8,3.02,6.47,51.68
2/5/2025 4:00,That_Downstream_Plant,6.99,24,4.32,6.72,50.19
2/5/2025 5:00,That_Downstream_Plant,7.06,24.74,1.9,6.06,48.99
2/5/2025 6:00,That_Downstream_Plant,7.51,25,3.82,6.49,53.13
2/5/2025 7:00,That_Downstream_Plant,7.12,24.74,0.3,6.15,54.34
2/5/2025 8:00,That_Downstream_Plant,6.97,24,1.28,6.21,47.85
2/5/2025 9:00,That_Downstream_Plant,7.49,22.8,1.56,6.46,51.1
2/5/2025 10:00,That_Downstream_Plant,6.9,21.25,0.61,7.19,46.81
2/5/2025 11:00,That_Downstream_Plant,6.91,19.44,3.55,7.59,46.07
2/5/2025 12:00,That_Downstream_Plant,6.72,17.5,34.51,8.09,53.06
2/5/2025 13:00,That_Downstream_Plant,7.03,15.56,4.76,8.53,51.02
2/5/2025 14:00,That_Downstream_Plant,7.21,13.75,1.06,9.01,51.11
2/5/2025 15:00,That_Downstream_Plant,7.54,12.2,1.77,9.35,47.37
2/5/2025 16:00,That_Downstream_Plant,6.98,11,2.12,9.91,51.68
2/5/2025 17:00,That_Downstream_Plant,7.27,10.26,2.93,9.78,46.68
2/5/2025 18:00,That_Downstream_Plant,7.39,10,0.48,10,45.24
2/5/2025 19:00,That_Downstream_Plant,7.57,10.26,1.16,10,48.91
2/5/2025 20:00,That_Downstream_Plant,7.17,11,24.09,10,51.95
2/5/2025 21:00,That_Downstream_Plant,6.77,12.2,3.46,9.03,54.91
2/5/2025 22:00,That_Downstream_Plant,7.37,13.75,0.4,9.33,45.86
2/5/2025 23:00,That_Downstream_Plant,6.87,15.56,0.35,8.38,50.19
2/6/2025 0:00,That_Downstream_Plant,7.27,17.5,3.25,7.69,50.33
2/6/2025 1:00,That_Downstream_Plant,6.85,19.44,4.97,7.24,51.62
2/6/2025 2:00,That_Downstream_Plant,7.7,21.25,0.3,7.08,50.62
2/6/2025 3:00,That_Downstream_Plant,6.9,22.8,0.48,6.71,49.5
2/6/2025 4:00,That_Downstream_Plant,6.98,24,3.98,6.52,54.27
2/6/2025 5:00,That_Downstream_Plant,7.04,24.74,4.96,6,54.27
2/6/2025 6:00,That_Downstream_Plant,7.56,25,3.12,6.03,45.89
2/6/2025 7:00,That_Downstream_Plant,7.04,24.74,3.91,6.14,52.09
2/6/2025 8:00,That_Downstream_Plant,6.96,24,4.68,6,50.54
2/6/2025 9:00,That_Downstream_Plant,6.95,22.8,3,6.27,50.16
2/6/2025 10:00,That_Downstream_Plant,7.2,21.25,45.54,7.17,47.09
2/6/2025 11:00,That_Downstream_Plant,7.07,19.44,4.34,7.72,53.06
2/6/2025 12:00,That_Downstream_Plant,7,17.5,2.01,8.2,46.74
2/6/2025 13:00,That_Downstream_Plant,6.89,15.56,39.23,8.78,53.22
2/6/2025 14:00,That_Downstream_Plant,7.19,13.75,3.82,9.16,46.75
2/6/2025 15:00,That_Downstream_Plant,6.5,12.2,1.84,9.43,45.68
2/6/2025 16:00,That_Downstream_Plant,7.22,11,32.97,9.84,48.12
2/6/2025 17:00,That_Downstream_Plant,6.5,10.26,3.2,9.99,47.16
2/6/2025 18:00,That_Downstream_Plant,7.66,10,0.31,10,52.81
2/6/2025 19:00,That_Downstream_Plant,6.99,10.26,21.73,9.92,51.95
2/6/2025 20:00,That_Downstream_Plant,7.02,11,0.31,9.67,50.09
2/6/2025 21:00,That_Downstream_Plant,6.74,12.2,2.64,9.6,49.26
2/6/2025 22:00,That_Downstream_Plant,6.79,13.75,2.07,8.96,53.28
2/6/2025 23:00,That_Downstream_Plant,7.46,15.56,2.08,8.67,49.81
2/7/2025 0:00,That_Downstream_Plant,7.04,17.5,1.08,8.08,45.12
2/7/2025 1:00,That_Downstream_Plant,6.9,19.44,2.27,7.48,53.44
2/7/2025 2:00,That_Downstream_Plant,7.19,21.25,1.62,6.81,52.37
2/7/2025 3:00,That_Downstream_Plant,6.51,22.8,2.3,6.5,52.85
2/7/2025 4:00,That_Downstream_Plant,7,24,2.19,6.48,47.55
2/7/2025 5:00,That_Downstream_Plant,7.17,24.74,3.3,6.25,53.95
2/7/2025 6:00,That_Downstream_Plant,7.59,25,2.59,6.31,46.5
2/7/2025 7:00,That_Downstream_Plant,7.23,24.74,0.21,6.41,45.85
2/7/2025 8:00,That_Downstream_Plant,7.09,24,0.06,6.3,54.57
2/7/2025 9:00,That_Downstream_Plant,6.96,22.8,1.75,6.85,52.75
2/7/2025 10:00,That_Downstream_Plant,6.89,21.25,0.49,7.11,51.6
2/7/2025 11:00,That_Downstream_Plant,6.97,19.44,0.41,7.66,54.68
2/7/2025 12:00,That_Downstream_Plant,7.5,17.5,1.91,7.85,47.06
2/7/2025 13:00,That_Downstream_Plant,7.28,15.56,3.22,8.33,50.3
2/7/2025 14:00,That_Downstream_Plant,7.01,13.75,38.06,9.19,50.82
2/7/2025 15:00,That_Downstream_Plant,7.42,12.2,0.64,9.53,48.38
2/7/2025 16:00,That_Downstream_Plant,6.89,11,3.06,9.34,54.43
2/7/2025 17:00,That_Downstream_Plant,7.05,10.26,4.43,9.87,51.46
2/7/2025 18:00,That_Downstream_Plant,7.46,10,4.23,9.88,54.19
2/7/2025 19:00,That_Downstream_Plant,7.45,10.26,4.21,9.77,52.28
2/7/2025 20:00,That_Downstream_Plant,7.4,11,2.73,9.97,54.85
2/7/2025 21:00,That_Downstream_Plant,7.17,12.2,4.09,9.4,47.14
2/7/2025 22:00,That_Downstream_Plant,7.57,13.75,2.71,9,50.9
2/7/2025 23:00,That_Downstream_Plant,6.63,15.56,3.44,8.53,53.73
